{"cameraMode":{"drawMode":0,"name":"Shaded","section":"Shading Mode"},"sceneLighting":true,"audioPlay":false,"sceneViewState":{"showFog":true,"showMaterialUpdate":true,"showSkybox":true,"showFlares":true,"showImageEffects":true,"showParticleSystems":true},"in2DMode":false,"pivot":{"x":0.5501068830490112,"y":0.07290782034397125,"z":1.0809816122055054},"rotation":{"x":-0.3429751396179199,"y":-0.24472670257091523,"z":0.09304150193929672,"w":-0.9021233916282654},"size":2.273205041885376,"orthographic":false}